frame_num,visible,x,y
0,1,0.6442708333333333,0.424074074074074
1,1,0.64375,0.4185185185185185
2,1,0.6427083333333333,0.4175925925925925
3,1,0.6421875,0.412962962962963
4,1,0.6416666666666667,0.412037037037037
5,1,0.6401041666666667,0.3944444444444444
